Beautiful Soup,Lxml,Regular expressions
0.09055495262145996,0.018609046936035156,0.0037810802459716797
0.1912550926208496,0.036911964416503906,0.007413148880004883
0.2710700035095215,0.04199504852294922,0.011310100555419922
0.35039210319519043,0.05775904655456543,0.015074014663696289
0.42368602752685547,0.08651494979858398,0.018731117248535156
0.45895910263061523,0.10475802421569824,0.022387027740478516
0.5063929557800293,0.1130681037902832,0.02601313591003418
0.5841200351715088,0.13244295120239258,0.029632091522216797
0.6532669067382812,0.15264415740966797,0.03324103355407715
0.6907069683074951,0.17183899879455566,0.0368800163269043
0.7252368927001953,0.18638896942138672,0.04805612564086914
0.7601649761199951,0.19986200332641602,0.05977010726928711
0.7945489883422852,0.20516109466552734,0.06357812881469727
0.8292698860168457,0.22401809692382812,0.07664108276367188
0.8637609481811523,0.2350611686706543,0.09016203880310059
0.8987250328063965,0.24335408210754395,0.09385395050048828
0.9339680671691895,0.2576010227203369,0.10148501396179199
0.9685640335083008,0.27549314498901367,0.10917806625366211
1.0054640769958496,0.29406213760375977,0.11685705184936523
1.040273904800415,0.30876708030700684,0.12448406219482422
1.0751550197601318,0.31393909454345703,0.13223600387573242
1.1353590488433838,0.325106143951416,0.13584113121032715
1.208770990371704,0.33640408515930176,0.14497613906860352
1.2655589580535889,0.3495941162109375,0.15266108512878418
1.3002889156341553,0.3607151508331299,0.16029095649719238
1.335057020187378,0.3696889877319336,0.16794300079345703
1.3721060752868652,0.3837921619415283,0.17792296409606934
1.4099740982055664,0.39690303802490234,0.1844639778137207
1.4446020126342773,0.40202999114990234,0.18812108039855957
1.479701042175293,0.41558408737182617,0.19796299934387207
1.5139720439910889,0.42096495628356934,0.20193696022033691
1.550117015838623,0.4260220527648926,0.2056140899658203
1.5852060317993164,0.43115711212158203,0.2092580795288086
1.619879961013794,0.4369840621948242,0.2129061222076416
1.6548779010772705,0.442216157913208,0.21657705307006836
1.6921820640563965,0.44731998443603516,0.22021102905273438
1.7693068981170654,0.4524190425872803,0.22380709648132324
1.8402180671691895,0.457550048828125,0.22745895385742188
1.8841509819030762,0.46260714530944824,0.23113393783569336
1.9187850952148438,0.4676330089569092,0.23486995697021484
1.953052043914795,0.4727210998535156,0.23847007751464844
1.987710952758789,0.4777390956878662,0.24218106269836426
2.0223329067230225,0.48369717597961426,0.2458181381225586
2.05717396736145,0.48891305923461914,0.2494339942932129
2.094597101211548,0.4939589500427246,0.25309109687805176
2.1291608810424805,0.49899911880493164,0.25670313835144043
2.163846015930176,0.5040409564971924,0.2603261470794678
2.1988649368286133,0.5091390609741211,0.264009952545166
2.2332170009613037,0.5141589641571045,0.26776599884033203
2.267822027206421,0.5192301273345947,0.2714400291442871
2.3169350624084473,0.5244641304016113,0.27518606185913086
2.3923568725585938,0.5295259952545166,0.278947114944458
2.4629039764404297,0.5345029830932617,0.28261303901672363
2.4973230361938477,0.5396220684051514,0.28636693954467773
2.5341579914093018,0.5446290969848633,0.2900879383087158
2.5688629150390625,0.5496430397033691,0.29374003410339355
2.6033570766448975,0.5547161102294922,0.297443151473999
2.637721061706543,0.5598831176757812,0.3011040687561035
2.6725189685821533,0.5649220943450928,0.30472803115844727
2.707150936126709,0.5699231624603271,0.3083651065826416
2.741795063018799,0.5750060081481934,0.31200194358825684
2.778870105743408,0.5800211429595947,0.31562209129333496
2.813770055770874,0.5850780010223389,0.31928396224975586
2.848227024078369,0.5901730060577393,0.322965145111084
2.8829660415649414,0.5952310562133789,0.3266739845275879
2.9485559463500977,0.6002960205078125,0.3303101062774658
3.0244479179382324,0.605518102645874,0.3339569568634033
3.0744099617004395,0.6107230186462402,0.3376150131225586
3.1088860034942627,0.622277021408081,0.34123802185058594
3.1444380283355713,0.6396429538726807,0.34487414360046387
3.189007043838501,0.6530120372772217,0.34850502014160156
3.2233669757843018,0.6642301082611084,0.35209202766418457
3.2574880123138428,0.6784689426422119,0.35575103759765625
3.291980028152466,0.6835999488830566,0.359389066696167
3.326690912246704,0.6935579776763916,0.36302709579467773
3.361219882965088,0.7048161029815674,0.366671085357666
3.3958029747009277,0.7228810787200928,0.37035393714904785
3.433603048324585,0.7278671264648438,0.3739631175994873
3.468959093093872,0.7401881217956543,0.37764811515808105
3.5218069553375244,0.7484371662139893,0.38130998611450195
3.5950748920440674,0.7595269680023193,0.3850071430206299
3.662851095199585,0.7735681533813477,0.3887031078338623
3.6973509788513184,0.7788231372833252,0.39256715774536133
3.732024908065796,0.7838809490203857,0.39629411697387695
3.7661850452423096,0.7893569469451904,0.39998507499694824
3.801244020462036,0.7944929599761963,0.40364599227905273
3.8357698917388916,0.7995700836181641,0.407289981842041
3.8702049255371094,0.8047339916229248,0.41095495223999023
3.907249927520752,0.8099329471588135,0.41457295417785645
3.9415640830993652,0.814967155456543,0.4182281494140625
3.9759609699249268,0.8200490474700928,0.4218430519104004
4.011116981506348,0.8250560760498047,0.42546701431274414
4.045636892318726,0.8301570415496826,0.42917704582214355
4.080693006515503,0.8353619575500488,0.4328129291534424
4.114829063415527,0.840670108795166,0.4365370273590088
4.149602890014648,0.8457419872283936,0.4402749538421631
4.186604976654053,0.8510279655456543,0.44390201568603516
4.220952987670898,0.8560681343078613,0.44753313064575195
4.255117893218994,0.8612720966339111,0.45125293731689453
4.289650917053223,0.8662900924682617,0.45490097999572754
4.324079990386963,0.8713741302490234,0.4585249423980713
4.35849404335022,0.8763861656188965,0.4621880054473877
4.3934080600738525,0.8814160823822021,0.46582603454589844
4.429825067520142,0.8865170478820801,0.46947598457336426
4.465319871902466,0.8915309906005859,0.4731781482696533
4.502232074737549,0.8965849876403809,0.47710108757019043
4.539309978485107,0.9016010761260986,0.48073315620422363
4.5741260051727295,0.9066829681396484,0.48433995246887207
4.6088690757751465,0.9117879867553711,0.4881000518798828
4.643796920776367,0.9167971611022949,0.4917900562286377
4.678432941436768,0.9218380451202393,0.4954249858856201
4.7129340171813965,0.9270551204681396,0.49906110763549805
4.7472569942474365,0.9321589469909668,0.5028171539306641
4.782275915145874,0.9371540546417236,0.5064730644226074
4.819451093673706,0.94240403175354,0.5101561546325684
4.853806018829346,0.9474930763244629,0.513746976852417
4.888595104217529,0.9525489807128906,0.5173709392547607
4.923392057418823,0.9577310085296631,0.5210249423980713
4.958829879760742,0.962752103805542,0.5246520042419434
4.9934868812561035,0.9678349494934082,0.5282869338989258
5.028593063354492,0.9728660583496094,0.5319280624389648
5.063432931900024,0.977959156036377,0.5356581211090088
5.100315093994141,0.9830050468444824,0.5393760204315186
5.134634017944336,0.9881949424743652,0.5431280136108398
5.169298887252808,0.993278980255127,0.5467281341552734
5.204401016235352,0.998305082321167,0.5503370761871338
5.238856077194214,1.003425121307373,0.553955078125
5.273220062255859,1.0084741115570068,0.5576319694519043
5.307977914810181,1.0135910511016846,0.561255931854248
5.342626094818115,1.0186500549316406,0.5648751258850098
5.377340078353882,1.0236890316009521,0.5686309337615967
5.415255069732666,1.0287010669708252,0.5722701549530029
5.45237398147583,1.0337800979614258,0.5759329795837402
5.486974000930786,1.0392110347747803,0.5796360969543457
5.523252010345459,1.0442521572113037,0.5832750797271729
5.558011054992676,1.0494410991668701,0.5869450569152832
5.59247088432312,1.054427146911621,0.590644121170044
5.627157926559448,1.059643030166626,0.5942940711975098
5.661930084228516,1.064805030822754,0.5979199409484863
5.699270963668823,1.070044994354248,0.6015639305114746
5.733715057373047,1.075080156326294,0.6053719520568848
5.768124103546143,1.0801589488983154,0.6089639663696289
5.802709102630615,1.0851571559906006,0.6126439571380615
5.837507009506226,1.0901830196380615,0.6162891387939453
5.872083902359009,1.0952131748199463,0.6200001239776611
5.9068028926849365,1.100625991821289,0.6235830783843994
5.9412219524383545,1.1057090759277344,0.6272330284118652
5.976063966751099,1.1107351779937744,0.6308660507202148
6.012907981872559,1.115779161453247,0.6345219612121582
6.047867059707642,1.1208889484405518,0.6381959915161133
6.082985877990723,1.1258649826049805,0.6503190994262695
6.117198944091797,1.131087064743042,0.6539161205291748
6.151623964309692,1.1361041069030762,0.6727011203765869
6.185826063156128,1.141261100769043,0.6763999462127686
6.220733880996704,1.1462640762329102,0.6839489936828613
6.2551469802856445,1.1514830589294434,0.691615104675293
6.28977108001709,1.156480073928833,0.6995000839233398
6.326541900634766,1.161492109298706,0.7114729881286621
6.361567974090576,1.166978120803833,0.7153069972991943
6.396267890930176,1.1721251010894775,0.7229411602020264
6.43153190612793,1.1772701740264893,0.7306139469146729
6.469603061676025,1.1823961734771729,0.7384209632873535
6.504714012145996,1.1875569820404053,0.7500319480895996
6.541192054748535,1.1926889419555664,0.7537140846252441
6.57587194442749,1.197770118713379,0.7653169631958008
6.613025903701782,1.2027151584625244,0.7690680027008057
6.657335042953491,1.2078089714050293,0.7769479751586914
6.691900014877319,1.2132961750030518,0.7846240997314453
6.726654052734375,1.2250421047210693,0.7942521572113037
6.761722087860107,1.2483940124511719,0.8013970851898193
6.796597003936768,1.2534730434417725,0.8050739765167236
6.831394910812378,1.2678279876708984,0.8087451457977295
6.86601710319519,1.2819271087646484,0.8124110698699951
6.900775909423828,1.287179946899414,0.8161051273345947
6.935487985610962,1.3035931587219238,0.819782018661499
6.972487926483154,1.3087551593780518,0.8234460353851318
7.0074920654296875,1.3230409622192383,0.8272531032562256
7.042995929718018,1.3343250751495361,0.8309180736541748
7.078203916549683,1.345534086227417,0.8345179557800293
7.112850904464722,1.3566501140594482,0.8382120132446289
7.147132873535156,1.3716530799865723,0.8419251441955566
7.181765079498291,1.3768010139465332,0.8455359935760498
7.215979099273682,1.3819780349731445,0.8492069244384766
7.250597953796387,1.3870160579681396,0.8528730869293213
7.287745952606201,1.392146110534668,0.8566839694976807
7.322284936904907,1.3975000381469727,0.8603601455688477
7.3572070598602295,1.4025540351867676,0.8639750480651855
7.391874074935913,1.4077320098876953,0.8676209449768066
7.427154064178467,1.412769079208374,0.8712689876556396
7.462987899780273,1.417907953262329,0.8750009536743164
7.499207973480225,1.4231810569763184,0.878695011138916
7.535691976547241,1.4282410144805908,0.8823680877685547
7.573144912719727,1.4336659908294678,0.8860311508178711
7.607662916183472,1.4387600421905518,0.8897120952606201
7.6430370807647705,1.4442009925842285,0.8934531211853027
7.678132057189941,1.449280023574829,0.8971190452575684
7.712478876113892,1.454421043395996,0.9007401466369629
7.747071027755737,1.4593889713287354,0.9043400287628174
7.782361030578613,1.4644970893859863,0.9079880714416504
7.818183898925781,1.4696471691131592,0.9116339683532715
7.874778985977173,1.4747700691223145,0.9152779579162598
7.917480945587158,1.4799110889434814,0.920647144317627
7.952186107635498,1.4849460124969482,0.9244289398193359
7.986517906188965,1.4899990558624268,0.928076982498169
8.021426916122437,1.4950549602508545,0.9317121505737305
8.057138919830322,1.5001120567321777,0.9354119300842285
8.091649055480957,1.5057101249694824,0.9390339851379395
8.12615704536438,1.5111420154571533,0.9426980018615723
8.160628080368042,1.5161621570587158,0.9464161396026611
8.197350025177002,1.5213589668273926,0.9500081539154053
8.231744050979614,1.5263800621032715,0.9536991119384766
8.266617059707642,1.5314831733703613,0.9573819637298584
8.301220893859863,1.5365760326385498,0.9610719680786133
8.335799932479858,1.5415911674499512,0.9647171497344971
8.370203971862793,1.5466639995574951,0.9683620929718018
8.405545949935913,1.551651954650879,0.9720330238342285
8.440231084823608,1.5567829608917236,0.9756801128387451
8.476336002349854,1.5618000030517578,0.9793429374694824
8.51609206199646,1.5669071674346924,0.9830560684204102
8.55101490020752,1.5720100402832031,0.9867141246795654
8.585553884506226,1.577059030532837,0.990368127822876
8.620146989822388,1.5820400714874268,0.9940929412841797
8.65558409690857,1.587273120880127,0.9978220462799072
8.689961910247803,1.5923609733581543,1.0015499591827393
8.72425389289856,1.5974020957946777,1.005260944366455
8.758701086044312,1.6026110649108887,1.008971929550171
8.79382610321045,1.607957124710083,1.012571096420288
8.830892086029053,1.613171100616455,1.0162160396575928
8.866100072860718,1.618246078491211,1.0198431015014648
8.901514053344727,1.6234040260314941,1.0235190391540527
8.93704891204834,1.6284401416778564,1.0271060466766357
8.97150206565857,1.633491039276123,1.0307769775390625
9.00664210319519,1.6385900974273682,1.0344359874725342
9.041594982147217,1.6454520225524902,1.038059949874878
9.076658964157104,1.6541459560394287,1.0417981147766113
9.113693952560425,1.6622810363769531,1.045820951461792
9.14829707145691,1.670654058456421,1.0494401454925537
9.182842016220093,1.6796519756317139,1.0530710220336914
9.21759295463562,1.6893460750579834,1.056725025177002
9.252207040786743,1.698747158050537,1.0603530406951904
9.28688907623291,1.7067761421203613,1.063948154449463
9.32165789604187,1.7150349617004395,1.0676770210266113
9.3559730052948,1.7242510318756104,1.0713779926300049
9.391047954559326,1.7307109832763672,1.0751569271087646
9.429728984832764,1.7359111309051514,1.0789339542388916
9.465012073516846,1.7408959865570068,1.082529067993164
9.50604796409607,1.7462279796600342,1.0861589908599854
9.541155099868774,1.7512760162353516,1.0897960662841797
9.576416969299316,1.7563960552215576,1.0935280323028564
9.61089301109314,1.7613780498504639,1.0971920490264893
9.64603304862976,1.7665431499481201,1.100836992263794
9.680775880813599,1.771712064743042,1.104557991027832
9.715182065963745,1.7767400741577148,1.108199119567871
9.752132892608643,1.7818570137023926,1.111825942993164
9.787293910980225,1.7872540950775146,1.1154611110687256
9.821696996688843,1.7924871444702148,1.119084119796753
9.856698036193848,1.7975051403045654,1.1227059364318848
9.891098976135254,1.8025660514831543,1.1266200542449951
9.925518035888672,1.807629108428955,1.1302540302276611
9.960635900497437,1.8126311302185059,1.1339190006256104
9.995784997940063,1.8242261409759521,1.1375970840454102
10.033387899398804,1.8444790840148926,1.1412501335144043
10.077502965927124,1.8542699813842773,1.1449849605560303
10.111464023590088,1.8673820495605469,1.148859977722168
10.1457200050354,1.8814711570739746,1.1525239944458008
10.180320024490356,1.8866350650787354,1.1561450958251953
10.214729070663452,1.8916051387786865,1.1597540378570557
10.249264001846313,1.90871000289917,1.1634371280670166
10.283907890319824,1.9199819564819336,1.1670479774475098
10.318531036376953,1.9251620769500732,1.1707050800323486
10.352973937988281,1.9343559741973877,1.1744251251220703
10.389920949935913,1.9514529705047607,1.1782469749450684
10.425426959991455,1.956700086593628,1.1818840503692627
10.459759950637817,1.9716689586639404,1.1855721473693848
10.496275901794434,1.9769361019134521,1.1891989707946777
10.532954931259155,1.981964111328125,1.1928369998931885
10.567219018936157,1.9871859550476074,1.1966180801391602
10.601800918579102,1.992293119430542,1.2002580165863037
10.636828899383545,1.9973461627960205,1.2038581371307373
10.672117948532104,2.002493143081665,1.2075040340423584
10.708951950073242,2.007495164871216,1.2111849784851074
10.744311094284058,2.012566089630127,1.2147769927978516
10.779088020324707,2.017583131790161,1.218419075012207
10.813250064849854,2.022684097290039,1.2220830917358398
10.84798002243042,2.0277650356292725,1.2257311344146729
10.882658958435059,2.032870054244995,1.2294161319732666
10.917035102844238,2.0379230976104736,1.2331430912017822
10.951804876327515,2.042875051498413,1.2367820739746094
10.98955488204956,2.0483291149139404,1.2404661178588867
11.024291038513184,2.053529977798462,1.252514123916626
11.0593740940094,2.0587921142578125,1.2567360401153564
11.095427989959717,2.063934087753296,1.272231101989746
11.130023956298828,2.0690200328826904,1.2799811363220215
11.164877891540527,2.0741021633148193,1.2866489887237549
11.199121952056885,2.0792200565338135,1.2954730987548828
11.23365592956543,2.0842370986938477,1.3032190799713135
11.268248081207275,2.089246988296509,1.3068950176239014
11.30492901802063,2.0944020748138428,1.3184750080108643
11.339359998703003,2.099419116973877,1.3221089839935303
11.37386703491211,2.1044509410858154,1.3336811065673828
11.409310102462769,2.1094541549682617,1.3415110111236572
11.44424295425415,2.114643096923828,1.3481900691986084
11.47874402999878,2.1196579933166504,1.3518469333648682
11.51655101776123,2.1248159408569336,1.3554511070251465
11.551873922348022,2.1299281120300293,1.3670780658721924
11.588712930679321,2.13509202003479,1.3796119689941406
11.623316049575806,2.140207052230835,1.3833160400390625
11.658408880233765,2.1452560424804688,1.3969290256500244
11.693432092666626,2.150330066680908,1.402109146118164
11.727783918380737,2.155625104904175,1.4059410095214844
11.762253999710083,2.161018133163452,1.4096579551696777
11.796936988830566,2.166301965713501,1.4133081436157227
11.83124303817749,2.1713881492614746,1.4170329570770264
11.865941047668457,2.1764400005340576,1.420720100402832
11.902858972549438,2.181650161743164,1.4243431091308594
11.93787693977356,2.186730146408081,1.4280049800872803
11.972332954406738,2.191699981689453,1.4316010475158691
12.006970882415771,2.196791172027588,1.4352340698242188
12.042013883590698,2.2023191452026367,1.4388999938964844
12.076566934585571,2.207498073577881,1.4425201416015625
12.111007928848267,2.2129571437835693,1.4461510181427002
12.145601034164429,2.2181200981140137,1.4498929977416992
12.180027961730957,2.2231571674346924,1.453597068786621
12.217113018035889,2.2283520698547363,1.4572739601135254
12.251702070236206,2.233525037765503,1.4609341621398926
12.28609299659729,2.238626003265381,1.4645111560821533
12.320751905441284,2.2436890602111816,1.4681291580200195
12.355529069900513,2.2487380504608154,1.471764087677002
12.390419960021973,2.2566020488739014,1.4755840301513672
12.425662994384766,2.261950969696045,1.4793260097503662
12.460320949554443,2.2671830654144287,1.4831199645996094
12.500444889068604,2.2723000049591064,1.486807107925415
12.537714958190918,2.27740216255188,1.490483045578003
12.572403907775879,2.2825751304626465,1.494063138961792
12.60698390007019,2.2876980304718018,1.4977171421051025
12.641795873641968,2.292842149734497,1.5014030933380127
12.676261901855469,2.297956943511963,1.5050880908966064
12.711561918258667,2.3030991554260254,1.5088279247283936
12.746295928955078,2.3081250190734863,1.5125210285186768
12.781111001968384,2.3131589889526367,1.5161499977111816
12.818021059036255,2.3182621002197266,1.5198090076446533
12.85302209854126,2.32322096824646,1.5234310626983643
12.887589931488037,2.3284239768981934,1.5270659923553467
12.922559976577759,2.3334431648254395,1.5307121276855469
12.957068920135498,2.3385190963745117,1.534317970275879
12.991801977157593,2.343506097793579,1.537945032119751
13.026829957962036,2.3485450744628906,1.5415620803833008
13.061287879943848,2.3535521030426025,1.5452220439910889
13.09575891494751,2.3586010932922363,1.5488560199737549
13.13289999961853,2.363754987716675,1.5524909496307373
13.167834997177124,2.36877703666687,1.556169033050537
13.202156066894531,2.374001979827881,1.5597751140594482
13.236778020858765,2.37923002243042,1.5634169578552246
13.271393060684204,2.3842360973358154,1.5670640468597412
13.305870056152344,2.3893070220947266,1.5706779956817627
13.340483903884888,2.3943071365356445,1.5743730068206787
13.375349998474121,2.399394989013672,1.5780179500579834
13.413479089736938,2.404534101486206,1.5816600322723389
13.457168102264404,2.4095981121063232,1.585421085357666
13.493161916732788,2.414700984954834,1.5890941619873047
13.528341054916382,2.4264490604400635,1.592750072479248
13.56604790687561,2.450395107269287,1.596451997756958
13.600394010543823,2.4558000564575195,1.6002171039581299
13.635442018508911,2.461280107498169,1.6038570404052734
13.670084953308105,2.4754040241241455,1.6075060367584229
13.704814910888672,2.489504098892212,1.611151933670044
13.739959001541138,2.4999051094055176,1.6148369312286377
13.777045965194702,2.511096954345703,1.61844801902771
13.811830997467041,2.5215721130371094,1.6220710277557373
13.84633994102478,2.531891107559204,1.625741958618164
13.881079912185669,2.54008412361145,1.6293690204620361
13.9168119430542,2.551309108734131,1.6330780982971191
13.951535940170288,2.5691611766815186,1.6367850303649902
13.986457109451294,2.574392080307007,1.6404199600219727
14.021770000457764,2.5795481204986572,1.6443910598754883
14.056288957595825,2.584843158721924,1.6480870246887207
14.09350299835205,2.5898730754852295,1.651764154434204
14.12899398803711,2.5952630043029785,1.6554510593414307
14.163704872131348,2.6003010272979736,1.6591300964355469
14.197911024093628,2.605368137359619,1.662764072418213
14.232470989227295,2.610464096069336,1.6663880348205566
14.26694107055664,2.615561008453369,1.6700060367584229
14.301790952682495,2.620666980743408,1.6736760139465332
14.33666205406189,2.6257519721984863,1.6773149967193604
14.37393593788147,2.630967140197754,1.6809401512145996
14.40944504737854,2.6359870433807373,1.684587001800537
14.444429874420166,2.641416072845459,1.6882741451263428
14.481899976730347,2.6470980644226074,1.6919889450073242
14.517262935638428,2.6522979736328125,1.695829153060913
14.555427074432373,2.6576850414276123,1.699566125869751
14.590224027633667,2.6628949642181396,1.7032499313354492
14.625492095947266,2.6679770946502686,1.7074439525604248
14.660167932510376,2.6738181114196777,1.7116451263427734
14.69690489768982,2.678972005844116,1.7160041332244873
14.732004880905151,2.6841461658477783,1.7198700904846191
14.76675009727478,2.689289093017578,1.7237720489501953
14.801347970962524,2.6943440437316895,1.7274630069732666
14.83607792854309,2.6995420455932617,1.731215000152588
14.871088981628418,2.7045509815216064,1.734827995300293
14.905427932739258,2.7096190452575684,1.7384850978851318
14.940486907958984,2.7147819995880127,1.742112159729004
14.977909088134766,2.7212960720062256,1.7457339763641357
15.013143062591553,2.7272911071777344,1.7493960857391357
15.047640085220337,2.733159065246582,1.7530570030212402
15.083177089691162,2.7383251190185547,1.7567920684814453
15.118154048919678,2.7435271739959717,1.7606120109558105
15.152693033218384,2.7485971450805664,1.7642760276794434
15.187400102615356,2.75368595123291,1.768265962600708
15.222446918487549,2.7587780952453613,1.7720379829406738
15.25754189491272,2.763828992843628,1.7757060527801514
15.295072078704834,2.7688331604003906,1.7793550491333008
15.33008098602295,2.773838996887207,1.782932996749878
15.364882946014404,2.779129981994629,1.7866201400756836
15.40026307106018,2.784273147583008,1.7903211116790771
15.435615062713623,2.789447069168091,1.7939670085906982
15.471909999847412,2.794612169265747,1.7976219654083252
15.50667405128479,2.799697160720825,1.8013031482696533
15.541536092758179,2.8047380447387695,1.8051121234893799
15.578510046005249,2.8097431659698486,1.8087959289550781
15.615873098373413,2.81494402885437,1.8124160766601562
15.650646924972534,2.819949150085449,1.8160791397094727
15.685288906097412,2.8250319957733154,1.8198199272155762
15.720369100570679,2.830078125,1.8235280513763428
15.755029916763306,2.8352620601654053,1.8271770477294922
15.789418935775757,2.840290069580078,1.8308639526367188
15.824014902114868,2.845276117324829,1.8345050811767578
15.859386920928955,2.850321054458618,1.8381741046905518
15.896512985229492,2.856403112411499,1.841839075088501
15.93162989616394,2.8617801666259766,1.845445156097412
15.966300964355469,2.867126941680908,1.863070011138916
16.00139808654785,2.8722760677337646,1.8667421340942383
16.03579807281494,2.877346992492676,1.880263090133667
16.070276021957397,2.8824751377105713,1.8861031532287598
16.104856967926025,2.887547016143799,1.8896970748901367
16.139647006988525,2.8926820755004883,1.9043681621551514
16.174355030059814,2.8977091312408447,1.9152841567993164
16.211442947387695,2.9027819633483887,1.919219970703125
16.246236085891724,2.9078590869903564,1.922908067703247
16.280988931655884,2.9129230976104736,1.9305510520935059
16.31554889678955,2.9180731773376465,1.9382190704345703
16.35122299194336,2.9230830669403076,1.9450359344482422
16.386262893676758,2.9281511306762695,1.9547209739685059
16.421098947525024,2.9332990646362305,1.9583539962768555
16.45561909675598,2.938486099243164,1.9699671268463135
16.492636919021606,2.9434659481048584,1.9777591228485107
16.53011989593506,2.948483943939209,1.9853949546813965
16.56575107574463,2.953498125076294,1.9931740760803223
16.601934909820557,2.9585111141204834,1.996809959411621
16.637017965316772,2.9636759757995605,2.0073461532592773
16.671164989471436,2.9687581062316895,2.015800952911377
16.705626964569092,2.9739270210266113,2.0196239948272705
16.741254091262817,2.978955030441284,2.0232150554656982
16.775891065597534,2.983973979949951,2.026906967163086
16.813297033309937,2.9891250133514404,2.030524969100952
16.85762310028076,2.994166135787964,2.034148931503296
16.8921320438385,2.999232053756714,2.038053035736084
16.9267840385437,3.0043070316314697,2.0417110919952393
16.961811065673828,3.0093469619750977,2.0453970432281494
16.996865034103394,3.0143351554870605,2.049046039581299
17.031511068344116,3.0193631649017334,2.0526621341705322
17.06601595878601,3.0303680896759033,2.0564050674438477
17.100820064544678,3.0474510192871094,2.0601370334625244
17.135705947875977,3.0592920780181885,2.0637781620025635
17.17245388031006,3.0733280181884766,2.067486047744751
17.20716905593872,3.0785670280456543,2.0710880756378174
17.24194097518921,3.091762065887451,2.0747311115264893
17.27662205696106,3.1028690338134766,2.078348159790039
17.31155800819397,3.1138510704040527,2.0821070671081543
17.34650707244873,3.124190092086792,2.0858609676361084
17.3816499710083,3.1359610557556152,2.089501142501831
17.41633105278015,3.141484022140503,2.093109130859375
17.450783014297485,3.155687093734741,2.0967841148376465
17.490089893341064,3.173330068588257,2.100492000579834
17.524691104888916,3.179126024246216,2.104184150695801
17.55938196182251,3.1850321292877197,2.1079659461975098
17.596286058425903,3.1902620792388916,2.1116220951080322
17.63134503364563,3.1952719688415527,2.1152679920196533
17.66604208946228,3.2003841400146484,2.1189119815826416
17.70061492919922,3.205497980117798,2.122645139694214
17.73530888557434,3.2110111713409424,2.12626314163208
17.77260708808899,3.2161951065063477,2.129939079284668
17.80793595314026,3.2212610244750977,2.1336820125579834
17.842561960220337,3.226323127746582,2.137284994125366
17.876966953277588,3.2314200401306152,2.140907049179077
17.911545038223267,3.2364490032196045,2.144592046737671
17.946322917938232,3.241605043411255,2.1481740474700928
17.981101036071777,3.2481601238250732,2.151855945587158
18.01637601852417,3.2539751529693604,2.1555049419403076
18.050697088241577,3.2590789794921875,2.159158945083618
18.087358951568604,3.2640931606292725,2.16274094581604
18.122034072875977,3.269397020339966,2.1663999557495117
18.1566960811615,3.274707078933716,2.170009136199951
18.191170930862427,3.2797181606292725,2.173638105392456
18.225626945495605,3.284942150115967,2.17729115486145
18.260174036026,3.2900819778442383,2.180922031402588
18.295286893844604,3.2952589988708496,2.184584140777588
18.33019709587097,3.3003761768341064,2.188228130340576
18.36839509010315,3.305488109588623,2.191956043243408
18.404022932052612,3.310500144958496,2.195564031600952
18.438546895980835,3.315587043762207,2.1991939544677734
18.474798917770386,3.320620059967041,2.2028450965881348
18.509437084197998,3.3255951404571533,2.206498146057129
18.543916940689087,3.3306779861450195,2.210132122039795
18.578974962234497,3.3356800079345703,2.2138209342956543
18.615927934646606,3.3408141136169434,2.217496156692505
18.650502920150757,3.3458900451660156,2.2211549282073975
18.687460899353027,3.3510849475860596,2.2248759269714355
18.722136974334717,3.356213092803955,2.2285051345825195
18.75814390182495,3.3611960411071777,2.2321319580078125
18.79342007637024,3.366239070892334,2.2357749938964844
18.82869601249695,3.371399164199829,2.239410161972046
18.863734006881714,3.3764400482177734,2.243152141571045
18.899012088775635,3.381442070007324,2.246803045272827
18.933770895004272,3.386597156524658,2.250412940979004
18.96886110305786,3.3916640281677246,2.2541420459747314
19.006419897079468,3.3967771530151367,2.257776975631714
19.041204929351807,3.4017951488494873,2.2613980770111084
19.07539200782776,3.4069299697875977,2.2650270462036133
19.109939098358154,3.4119739532470703,2.2686970233917236
19.144470930099487,3.4171061515808105,2.272279977798462
19.178920030593872,3.4221279621124268,2.275897979736328
19.213640928268433,3.4275200366973877,2.279500961303711
19.24833106994629,3.4326460361480713,2.283195972442627
19.28525996208191,3.437685966491699,2.286898136138916
19.320148944854736,3.4427871704101562,2.290687084197998
19.35534691810608,3.4478771686553955,2.294332981109619
19.390722036361694,3.4528751373291016,2.297956943511963
19.425160884857178,3.4579591751098633,2.3015999794006348
19.461392879486084,3.462973117828369,2.305264949798584
19.496366024017334,3.4686570167541504,2.3089380264282227
19.53098201751709,3.4737751483917236,2.312601089477539
19.565906047821045,3.4789531230926514,2.3162670135498047
19.605592966079712,3.4839110374450684,2.319880962371826
19.64106798171997,3.488990068435669,2.323507070541382
19.67586588859558,3.4942431449890137,2.327141046524048
19.710824966430664,3.499268054962158,2.3308169841766357
19.745630025863647,3.504270076751709,2.3343989849090576
19.78134298324585,3.509235143661499,2.3380651473999023
19.815766096115112,3.5142569541931152,2.341710090637207
19.850570917129517,3.5192389488220215,2.34538197517395
19.88507604598999,3.524245023727417,2.3490991592407227
19.921855926513672,3.5293731689453125,2.3527560234069824
19.956811904907227,3.53439998626709,2.3563790321350098
19.99229907989502,3.539492130279541,2.3601019382476807
20.026782035827637,3.5445499420166016,2.3637900352478027
20.06066608428955,3.5496320724487305,2.367460012435913
20.094939947128296,3.5547070503234863,2.3711860179901123
20.129671096801758,3.5597310066223145,2.3750481605529785
20.163690090179443,3.564768075942993,2.3786821365356445
20.201206922531128,3.569777011871338,2.3822810649871826
20.244935035705566,3.5753581523895264,2.3859450817108154
20.27908706665039,3.580410957336426,2.3895609378814697
20.313150882720947,3.585505962371826,2.393278121948242
20.347771883010864,3.5905749797821045,2.3969521522521973
20.383298873901367,3.5959200859069824,2.4005701541900635
20.417469024658203,3.6009671688079834,2.404222011566162
20.45445704460144,3.6059420108795166,2.407884120941162
20.48904800415039,3.611021041870117,2.411561965942383
20.523459911346436,3.616014003753662,2.415255069732666
20.55994987487793,3.6210930347442627,2.4189670085906982
20.594400882720947,3.6326639652252197,2.422590970993042
20.631598949432373,3.6480660438537598,2.426203966140747
20.665914058685303,3.662227153778076,2.4298770427703857
20.700571060180664,3.670707941055298,2.43351411819458
20.735682010650635,3.684983968734741,2.4371349811553955
20.770019054412842,3.6900720596313477,2.440835952758789
20.804588079452515,3.7012109756469727,2.4446489810943604
20.839436054229736,3.716521978378296,2.4537720680236816
20.876121997833252,3.7285430431365967,2.457612991333008
20.910290956497192,3.7366139888763428,2.4760680198669434
20.945143938064575,3.753659963607788,2.479659080505371
20.980490922927856,3.7639901638031006,2.4871840476989746
21.015072107315063,3.7767090797424316,2.4907920360565186
21.049833059310913,3.7857561111450195,2.5062639713287354
21.084237098693848,3.791109085083008,2.515921115875244
21.118704080581665,3.7962660789489746,2.5195651054382324
21.155457973480225,3.8012759685516357,2.5291600227355957
21.190279960632324,3.806283950805664,2.5329160690307617
21.22487187385559,3.8113951683044434,2.5425291061401367
21.25924801826477,3.816391944885254,2.551366090774536
21.2937970161438,3.8215441703796387,2.554957151412964
21.329328060150146,3.8265271186828613,2.564742088317871
21.364811897277832,3.8315911293029785,2.5743420124053955
21.400914907455444,3.8365890979766846,2.5779571533203125
21.435158014297485,3.8416080474853516,2.5856029987335205
21.47396206855774,3.846743106842041,2.5971460342407227
21.50896191596985,3.851794958114624,2.6020290851593018
21.54344606399536,3.8568410873413086,2.6057801246643066
21.57804298400879,3.861847162246704,2.6094210147857666
21.613322019577026,3.8669400215148926,2.6131751537323
21.650216102600098,3.8724231719970703,2.6168630123138428
21.68468999862671,3.8775999546051025,2.620725154876709
21.719971895217896,3.882591962814331,2.6245479583740234
21.756983995437622,3.88761305809021,2.62819504737854
21.791799068450928,3.8926899433135986,2.631798028945923
21.829062938690186,3.897845983505249,2.635478973388672
21.86907410621643,3.9032371044158936,2.6391220092773438
21.903857946395874,3.90824294090271,2.6427390575408936
21.938782930374146,3.913365125656128,2.6463840007781982
21.973572969436646,3.9184329509735107,2.650041103363037
22.008647918701172,3.9233920574188232,2.653718948364258
22.043334007263184,3.928497076034546,2.6573801040649414
22.080694913864136,3.933535099029541,2.661020040512085
22.115066051483154,3.9386050701141357,2.664726972579956
22.14935302734375,3.9436161518096924,2.668410062789917
22.18393898010254,3.9487459659576416,2.6720480918884277
22.218837022781372,3.953871965408325,2.6756751537323
22.253242015838623,3.958961009979248,2.679460048675537
22.287386894226074,3.964060068130493,2.6830830574035645
22.32213592529297,3.9692890644073486,2.6866729259490967
22.357012033462524,3.974398136138916,2.6903510093688965
22.39479899406433,3.9794530868530273,2.694127082824707
22.429660081863403,3.9845480918884277,2.6978020668029785
22.46599793434143,3.989583969116211,2.7014241218566895
22.500809907913208,3.994704008102417,2.70511794090271
22.535351037979126,3.9997360706329346,2.7087700366973877
22.569676876068115,4.004795074462891,2.712430000305176
22.605062007904053,4.009958982467651,2.7161850929260254
22.641182899475098,4.014989137649536,2.7204909324645996
22.67922306060791,4.020060062408447,2.7258999347686768
22.71494197845459,4.025094032287598,2.7297301292419434
22.749222993850708,4.030174016952515,2.7339060306549072
22.783682107925415,4.035184144973755,2.7376301288604736
22.818939924240112,4.040369033813477,2.7412641048431396
22.853347063064575,4.045457124710083,2.7449231147766113
22.88804292678833,4.05058217048645,2.748561143875122
22.922693014144897,4.055696964263916,2.752279043197632
22.95760703086853,4.060742139816284,2.755903959274292
22.9946711063385,4.065771102905273,2.7595460414886475
23.029881954193115,4.071362018585205,2.763167142868042
23.064409017562866,4.0764830112457275,2.767184019088745
23.099354028701782,4.081468105316162,2.770902156829834
23.13426899909973,4.086483955383301,2.7746191024780273
23.168696880340576,4.09163498878479,2.7783000469207764
23.203037977218628,4.0966620445251465,2.782020092010498
23.2377610206604,4.101807117462158,2.7858099937438965
23.272109031677246,4.1067891120910645,2.7895169258117676
23.309086084365845,4.111983060836792,2.7932541370391846
23.344799995422363,4.117184162139893,2.7968931198120117
23.3799569606781,4.122348070144653,2.8005340099334717
23.41533589363098,4.127331972122192,2.804129123687744
23.45142889022827,4.132558107376099,2.807831048965454
23.486274003982544,4.1376330852508545,2.811469078063965
23.52129292488098,4.14274001121521,2.8152661323547363
23.55612301826477,4.147835969924927,2.8190159797668457
23.593816995620728,4.153205156326294,2.8226561546325684
23.63765001296997,4.158972978591919,2.8262391090393066
23.675071001052856,4.164107084274292,2.829932928085327
23.709683895111084,4.169239044189453,2.8335671424865723
23.743772983551025,4.174247980117798,2.83719801902771
23.77788496017456,4.179346084594727,2.84084415435791
23.813390970230103,4.1844000816345215,2.8444859981536865
23.84791088104248,4.189479112625122,2.8481481075286865
23.8824200630188,4.1945390701293945,2.851789951324463
23.916810035705566,4.199692010879517,2.8554069995880127
23.953619956970215,4.204800128936768,2.859015941619873
23.989346981048584,4.210167169570923,2.862650156021118
24.023802042007446,4.215271949768066,2.866335153579712
24.058104991912842,4.220271110534668,2.8699700832366943
24.092566967010498,4.225321054458618,2.873594045639038
24.12695288658142,4.2398951053619385,2.87728214263916
24.161531925201416,4.254076957702637,2.8808951377868652
24.195992946624756,4.268299102783203,2.884554147720337
24.23124098777771,4.276890993118286,2.8881940841674805
24.268414974212646,4.293148040771484,2.8918299674987793
24.302803993225098,4.298205137252808,2.8956401348114014
24.33784794807434,4.31527304649353,2.899388074874878
24.37347388267517,4.326308965682983,2.902989149093628
24.408143997192383,4.335587978363037,2.9066829681396484
24.444931030273438,4.34070897102356,2.9126391410827637
24.479944944381714,4.351935148239136,2.916835069656372
24.514694929122925,4.363111972808838,2.9206020832061768
24.551517963409424,4.375014066696167,2.924394130706787
24.586179971694946,4.388952016830444,2.92809796333313
24.62126898765564,4.394186973571777,2.931797981262207
24.656574010849,4.399388074874878,2.9354450702667236
24.692405939102173,4.404498100280762,2.93912410736084
24.727046966552734,4.409641981124878,2.9427449703216553
24.761900901794434,4.414700031280518,2.946408987045288
24.79680299758911,4.419756174087524,2.950032949447632
24.831496000289917,4.425135135650635,2.9537110328674316
24.868181943893433,4.430356025695801,2.9573559761047363
24.903039932250977,4.435404062271118,2.960987091064453
24.937476873397827,4.44057297706604,2.9646029472351074
24.972261905670166,4.445582151412964,2.9684829711914062
25.00673794746399,4.450664043426514,2.9721031188964844
25.04141592979431,4.455801010131836,2.975688934326172
25.076380014419556,4.460870981216431,2.9793660640716553
25.111057996749878,4.4660890102386475,2.9829890727996826
25.148015022277832,4.471174001693726,2.986603021621704
25.18245792388916,4.476348161697388,2.990247964859009
25.216908931732178,4.482412099838257,2.99391508102417
25.251585006713867,4.48760199546814,2.9975171089172363
25.28602695465088,4.493427991867065,3.0012359619140625
25.320780038833618,4.498571157455444,3.0048959255218506
25.35580587387085,4.503673076629639,3.008497953414917
25.39030408859253,4.508677005767822,3.0121071338653564
25.428519010543823,4.513764142990112,3.0157830715179443
25.4659481048584,4.518813133239746,3.019487142562866
25.500725030899048,4.523911952972412,3.023185968399048
25.535485982894897,4.5289130210876465,3.0268380641937256
25.569748878479004,4.534008026123047,3.030463933944702
25.60490393638611,4.539150953292847,3.0343451499938965
25.64000701904297,4.544219970703125,3.0381650924682617
25.67695188522339,4.54932713508606,3.0418450832366943
25.712685108184814,4.554592132568359,3.045470952987671
25.747236967086792,4.5596630573272705,3.0492031574249268
25.78431010246277,4.564793109893799,3.0603771209716797
25.818814039230347,4.569900989532471,3.0641491413116455
25.85333490371704,4.574933052062988,3.082564115524292
25.88804292678833,4.5799880027771,3.0862040519714355
25.92268395423889,4.585216999053955,3.095065116882324
25.957360982894897,4.5902440547943115,3.098736047744751
25.99265694618225,4.595307111740112,3.108530044555664
26.02732801437378,4.600321054458618,3.1183061599731445
26.06464910507202,4.605414152145386,3.1219170093536377
26.099287033081055,4.610424041748047,3.131649971008301
26.13367009162903,4.615748167037964,3.144192934036255
26.1682550907135,4.620772123336792,3.1477890014648438
26.202576875686646,4.62578010559082,3.154550075531006
26.23748207092285,4.630925178527832,3.1704461574554443
26.272105932235718,4.635921001434326,3.174056053161621
26.307202100753784,4.640970945358276,3.178072929382324
26.342094898223877,4.646003007888794,3.1816649436950684
26.380132913589478,4.65120005607605,3.1941869258880615
26.414854049682617,4.656304121017456,3.205381155014038
26.45134401321411,4.661597013473511,3.2090959548950195
26.4858078956604,4.666722059249878,3.212739944458008
26.520294904708862,4.671929121017456,3.2164881229400635
26.554581880569458,4.677417039871216,3.220216989517212
26.590423107147217,4.6825220584869385,3.2239770889282227
26.625187873840332,4.687572956085205,3.2276179790496826
26.65977907180786,4.692618131637573,3.2312841415405273
26.699681043624878,4.697695016860962,3.2349629402160645
26.735395908355713,4.7027130126953125,3.2385849952697754
26.769794940948486,4.707959175109863,3.242241144180298
26.804539918899536,4.713046073913574,3.245835065841675
26.839344024658203,4.718034029006958,3.2495059967041016
26.87443208694458,4.723158121109009,3.2531380653381348
26.909250020980835,4.728130102157593,3.2568089962005615
26.943747997283936,4.733288049697876,3.2604260444641113
26.98147201538086,4.738324165344238,3.2640509605407715
27.025453090667725,4.744555950164795,3.267699956893921
27.062248945236206,4.750465154647827,3.271436929702759
27.09719204902649,4.756530046463013,3.275057077407837
27.13194990158081,4.761702060699463,3.2787530422210693
27.16662096977234,4.7670300006866455,3.2824020385742188
27.20116090774536,4.772233963012695,3.286051034927368
27.235610961914062,4.777389049530029,3.2901389598846436
27.270941019058228,4.7825469970703125,3.293879985809326
27.305330991744995,4.787630081176758,3.2975239753723145
27.342429876327515,4.792684078216553,3.3013219833374023
27.37876605987549,4.797791957855225,3.3050551414489746
27.414695024490356,4.802814960479736,3.3086791038513184
27.449517965316772,4.807891130447388,3.3123440742492676
27.48443102836609,4.813030958175659,3.3159689903259277
27.51897406578064,4.818089962005615,3.319648027420044
27.553499937057495,4.823168992996216,3.3233160972595215
27.588823080062866,4.8282811641693115,3.327054023742676
27.623377084732056,4.838979959487915,3.3309390544891357
27.660511016845703,4.860396146774292,3.3346409797668457
27.696199893951416,4.874443054199219,3.3383800983428955
27.732508897781372,4.8801140785217285,3.3420071601867676
27.766820907592773,4.891335964202881,3.3456671237945557
27.80132007598877,4.905473947525024,3.3492989540100098
27.835772037506104,4.91722297668457,3.352915048599243
27.870445013046265,4.92746114730835,3.3565759658813477
27.90526294708252,4.932592153549194,3.360203981399536
27.942320108413696,4.943696975708008,3.363806962966919
27.977070093154907,4.957862138748169,3.367480993270874
28.011512994766235,4.9670820236206055,3.3710999488830566
28.046469926834106,4.9818501472473145,3.374783992767334
28.0814049243927,4.987419128417969,3.378432035446167
28.115989923477173,4.992709159851074,3.382106065750122
28.15055203437805,4.997750997543335,3.3857009410858154
28.185384035110474,5.002807140350342,3.389315128326416
28.219552040100098,5.0078699588775635,3.3929519653320312
28.257086038589478,5.01302695274353,3.396634101867676
28.291887044906616,5.018149137496948,3.400334119796753
28.326467037200928,5.023185968399048,3.4040770530700684
28.361804008483887,5.0281829833984375,3.4076731204986572
28.396733045578003,5.033389091491699,3.4114389419555664
28.433382034301758,5.0385119915008545,3.415248155593872
28.468573093414307,5.043581962585449,3.418882131576538
28.503305912017822,5.048578977584839,3.4225940704345703
28.540359020233154,5.053670167922974,3.426244020462036
28.57541799545288,5.058784008026123,3.4298620223999023
28.61042594909668,5.064064979553223,3.433485984802246
28.645236015319824,5.069194078445435,3.437288999557495
28.680464029312134,5.074257135391235,3.4409310817718506
28.717763900756836,5.079566955566406,3.4446499347686768
28.75254988670349,5.08473014831543,3.4482650756835938
28.78727388381958,5.089811086654663,3.4519550800323486
28.823275089263916,5.094854116439819,3.455575942993164
28.860526084899902,5.100038051605225,3.4592809677124023
28.89528489112854,5.105129957199097,3.4629359245300293
28.93061590194702,5.1102659702301025,3.4667880535125732
28.965821981430054,5.115427017211914,3.4704620838165283
29.000581979751587,5.120537042617798,3.4742209911346436
29.035388946533203,5.1256420612335205,3.4778120517730713
29.07001304626465,5.130759954452515,3.4814670085906982
29.104973077774048,5.136321067810059,3.4850990772247314
29.13956308364868,5.1413960456848145,3.4887239933013916
29.176424980163574,5.14670205116272,3.492356061935425
29.21197199821472,5.15180516242981,3.496009111404419
29.246932983398438,5.156867980957031,3.4996111392974854
29.281785011291504,5.161923170089722,3.5033750534057617
29.31667399406433,5.167081117630005,3.507072925567627
29.351927042007446,5.172119140625,3.51070499420166
29.38631510734558,5.177343130111694,3.514349937438965
29.422550916671753,5.1824400424957275,3.518043041229248
29.4597430229187,5.187489986419678,3.5216779708862305
29.494664907455444,5.192480087280273,3.525331974029541
29.529517889022827,5.197479009628296,3.5289671421051025
29.564661026000977,5.202816009521484,3.532649040222168
29.599337100982666,5.208129167556763,3.536262035369873
29.63396692276001,5.213227033615112,3.539879083633423
29.668900966644287,5.218247175216675,3.5435631275177
29.703602075576782,5.223267078399658,3.5472769737243652
29.74162006378174,5.228285074234009,3.5509440898895264
29.778884887695312,5.233356952667236,3.5545871257781982
29.813544988632202,5.240563154220581,3.558195114135742
29.84860110282898,5.245795011520386,3.561972141265869
29.883291959762573,5.2508790493011475,3.5656790733337402
29.918418884277344,5.255885124206543,3.569472074508667
29.9534010887146,5.261038064956665,3.573164939880371
29.988301038742065,5.266272068023682,3.5769541263580322
30.023119926452637,5.27138614654541,3.580610990524292
30.057875871658325,5.276522159576416,3.584257125854492
30.094937086105347,5.28165602684021,3.5879480838775635
30.129739999771118,5.286859035491943,3.5915729999542236
30.16409707069397,5.292428016662598,3.5951900482177734
30.19898796081543,5.297546148300171,3.599215030670166
30.233438968658447,5.302577018737793,3.602874994277954
30.26817798614502,5.307682037353516,3.6064960956573486
30.30371403694153,5.312757968902588,3.610150098800659
30.339169025421143,5.31797194480896,3.613770008087158
30.377058029174805,5.322941064834595,3.6173970699310303
30.422010898590088,5.327998161315918,3.6210720539093018
30.456449031829834,5.333017110824585,3.624814033508301
30.491262912750244,5.338030099868774,3.6284501552581787
30.526076078414917,5.343109130859375,3.6320929527282715
30.56060791015625,5.348080158233643,3.6357250213623047
30.595578908920288,5.353150129318237,3.639343023300171
30.630088090896606,5.358176946640015,3.6429591178894043
30.665093898773193,5.363439083099365,3.646667003631592
30.699517965316772,5.368505954742432,3.650254964828491
30.7377290725708,5.373569011688232,3.6604089736938477
30.773714065551758,5.378561019897461,3.6734731197357178
30.808055877685547,5.383604049682617,3.6771061420440674
30.842523097991943,5.3887200355529785,3.6887800693511963
30.876923084259033,5.393876075744629,3.7002339363098145
30.91192603111267,5.398918151855469,3.7038381099700928
30.946810007095337,5.403949975967407,3.7135870456695557
30.981417894363403,5.409026145935059,3.723344087600708
31.015695095062256,5.4141480922698975,3.7270150184631348
31.052974939346313,5.419533967971802,3.7368619441986084
31.087722063064575,5.424836158752441,3.741111993789673
31.12260103225708,5.429911136627197,3.750960111618042
31.156599044799805,5.444396018981934,3.7606470584869385
31.190994024276733,5.464959144592285,3.771789073944092
31.2254159450531,5.470057010650635,3.7754621505737305
31.25964093208313,5.475067138671875,3.784208059310913
31.294495105743408,5.496492147445679,3.7878410816192627
31.331727981567383,5.507747173309326,3.7914490699768066
31.36686110496521,5.51288104057312,3.8083231449127197
31.404237031936646,5.524054050445557,3.8119349479675293
31.4387629032135,5.535442113876343,3.815730094909668
31.473614931106567,5.545555114746094,3.8194010257720947
31.50893998146057,5.5566771030426025,3.8230020999908447
31.543490886688232,5.567893981933594,3.8267650604248047
31.57899308204651,5.573064088821411,3.8304569721221924
31.61335587501526,5.591592073440552,3.834115982055664
31.65075993537903,5.596750974655151,3.837733030319214
31.685757875442505,5.601875066757202,3.8414080142974854
31.72058606147766,5.6069560050964355,3.8450541496276855
31.757729053497314,5.611974000930786,3.8486790657043457
31.792258977890015,5.617210149765015,3.852344036102295
31.826859951019287,5.622323036193848,3.8559579849243164
31.861526012420654,5.627532958984375,3.85958194732666
31.89665389060974,5.6326539516448975,3.863227128982544
31.93361496925354,5.638041973114014,3.866814136505127
31.968168020248413,5.6431190967559814,3.8705029487609863
32.00251793861389,5.648180961608887,3.874277114868164
32.03739094734192,5.653207063674927,3.8780479431152344
32.07256293296814,5.658434152603149,3.881711006164551
32.10716795921326,5.66352915763855,3.88545298576355
32.142199993133545,5.668843984603882,3.889169931411743
32.176779985427856,5.673948049545288,3.8928799629211426
32.21136808395386,5.678908109664917,3.8965890407562256
32.24801802635193,5.683973073959351,3.900268077850342
32.28265690803528,5.689003944396973,3.906116008758545
32.31742596626282,5.694301128387451,3.910166025161743
32.35232210159302,5.699404001235962,3.9138381481170654
32.386821031570435,5.704858064651489,3.9175429344177246
32.423036098480225,5.709882020950317,3.9211511611938477
32.45823788642883,5.714951992034912,3.9247751235961914
32.49269509315491,5.720185041427612,3.928529977798462
32.52753710746765,5.725443124771118,3.9322640895843506
32.56531810760498,5.730487108230591,3.9358971118927
32.600120067596436,5.735617160797119,3.9395151138305664
32.634615898132324,5.7406909465789795,3.9432430267333984
32.66937589645386,5.7456841468811035,3.946895122528076
32.703871965408325,5.751212120056152,3.9505109786987305
32.738455057144165,5.758180141448975,3.954163074493408
32.775315046310425,5.764273166656494,3.9577810764312744
32.810194969177246,5.7702391147613525,3.961472988128662
32.847532987594604,5.77544903755188,3.9652509689331055
32.882368087768555,5.780545949935913,3.9688761234283447
32.916938066482544,5.7857160568237305,3.972486972808838
32.951924085617065,5.790693998336792,3.9761619567871094
32.98646593093872,5.795803070068359,3.9797849655151367
33.02066087722778,5.8008201122283936,3.9836480617523193
33.05637502670288,5.805883169174194,3.9873220920562744
33.0909218788147,5.810971021652222,3.991075038909912
33.12563490867615,5.815996170043945,3.994753122329712
33.16274809837341,5.821058988571167,3.998422145843506
33.19751310348511,5.826069116592407,4.002186059951782
33.231919050216675,5.831176996231079,4.005849123001099
33.26648688316345,5.836200952529907,4.00954794883728
33.301520109176636,5.841310024261475,4.013231039047241
33.33739709854126,5.846320152282715,4.017068147659302
33.37171506881714,5.851349115371704,4.0207130908966064
33.408149003982544,5.856521129608154,4.024371147155762
33.44302010536194,5.86170506477356,4.028080940246582
33.48037505149841,5.866745948791504,4.032043933868408
33.515573024749756,5.871881008148193,4.035700082778931
33.55018401145935,5.876955032348633,4.039299964904785
33.58923101425171,5.881998062133789,4.042972087860107
33.64087200164795,5.887120962142944,4.046623945236206
33.67520308494568,5.892502069473267,4.050210952758789
33.710192918777466,5.897549152374268,4.053830146789551
33.744873046875,5.902750015258789,4.057537078857422
33.78487992286682,5.907732963562012,4.061169147491455
33.82908606529236,5.91283917427063,4.064826011657715
33.863741874694824,5.917919158935547,4.068441152572632
33.8984899520874,5.9230570793151855,4.072109937667847
33.93352794647217,5.92805814743042,4.075746059417725
33.96801495552063,5.933042049407959,4.0794031620025635
34.00256705284119,5.93810510635376,4.083070993423462
34.037039041519165,5.943145036697388,4.086735963821411
34.071693897247314,5.948183059692383,4.090569972991943
34.10599398612976,5.953222036361694,4.094223976135254
34.143057107925415,5.958385944366455,4.097847938537598
34.17763090133667,5.963396072387695,4.101470947265625
34.21182990074158,5.968637943267822,4.105103015899658
34.246516942977905,5.97377610206604,4.108718156814575
34.28120803833008,5.978824138641357,4.112432956695557
34.3161940574646,5.984033107757568,4.116240978240967
34.351325035095215,5.989031076431274,4.1198670864105225
34.387826919555664,5.994091987609863,4.123444080352783
34.422980070114136,5.999125957489014,4.127090930938721
34.46006107330322,6.004156112670898,4.130841970443726
34.494303941726685,6.009160041809082,4.13450813293457
34.52937197685242,6.014204025268555,4.138158082962036
34.56440591812134,6.019345998764038,4.141772031784058
34.5995659828186,6.024395942687988,4.145380020141602
34.63448905944824,6.0295000076293945,4.149034023284912
34.66881799697876,6.041417121887207,4.152661085128784
34.70347809791565,6.046529054641724,4.1562981605529785
34.74032497406006,6.066614151000977,4.159996032714844
34.77597498893738,6.079931020736694,4.16368293762207
34.81332087516785,6.088129043579102,4.167346954345703
34.84765005111694,6.099571943283081,4.170976161956787
34.88248896598816,6.116300106048584,4.174654006958008
34.917396068573,6.121612071990967,4.178283929824829
34.952154874801636,6.135797023773193,4.182003974914551
34.98689603805542,6.147102117538452,4.185671091079712
35.02136588096619,6.152167081832886,4.1893439292907715
35.05852794647217,6.168915033340454,4.192965984344482
35.09338188171387,6.174113988876343,4.196624994277954
35.127830028533936,6.1904590129852295,4.2003419399261475
35.16272497177124,6.1957221031188965,4.203999042510986
35.19732093811035,6.201120138168335,4.2077250480651855
35.23213005065918,6.20635199546814,4.211328029632568
35.266860008239746,6.211368083953857,4.214966058731079
35.301429986953735,6.216495990753174,4.218621015548706
35.339268922805786,6.2215681076049805,4.2222740650177
35.37389898300171,6.226730108261108,4.225904941558838
35.41072702407837,6.234634160995483,4.229628086090088
35.44533896446228,6.239774942398071,4.233304977416992
35.479743003845215,6.24478816986084,4.236962080001831
35.51445508003235,6.249969959259033,4.240689992904663
35.549827098846436,6.255082130432129,4.244365930557251
35.58469009399414,6.260305166244507,4.247996091842651
35.61977505683899,6.265318155288696,4.251619100570679
35.65647101402283,6.270506143569946,4.2552571296691895
35.691669940948486,6.27564811706543,4.265701055526733
35.72626996040344,6.28071403503418,4.281247138977051
35.76085090637207,6.285871982574463,4.28488302230835
35.7972629070282,6.290960073471069,4.29407000541687
35.832820892333984,6.29649806022644,4.303681135177612
35.86720299720764,6.3015899658203125,4.307331085205078
35.90199398994446,6.306700944900513,4.3169519901275635
35.937036991119385,6.311690092086792,4.326581954956055
35.97378206253052,6.316718101501465,4.3352110385894775
36.008928060531616,6.3217151165008545,4.338948965072632
36.04349493980408,6.326925039291382,4.345646142959595
36.0785870552063,6.33204197883606,4.349302053451538
36.11292791366577,6.337099075317383,4.3618550300598145
